name,username,email,password_digest
Cloyd Zboncak III,iii_zboncak_cloyd,cloyd_iii_zboncak@example.org,$2a$10$EpLVIRsyLhXCLXUuQIlCguQOUnbcyv0W4r7BPOfzTPicCaElurRJ6
Abner Bruen,bruen.abner,bruen_abner@example.org,$2a$10$5arHF2MDOCmBVv3m5mF.tei48r.U9aZzo48R3F48Bls18eC5B.w/O
Elda Schaden,elda_schaden,schaden_elda@example.org,$2a$10$a63IMrPVbsQeHTR1/K9IcembGxQsHz3SpZ2OHVwN3RBqFXy84zcs6
Miss Penelope Schuster,penelope.miss.schuster,schuster.penelope.miss@example.net,$2a$10$f2CIPlJMvlSM8qTs0nnnXOo/v622IdV0GzhZQlqNvOtMBuz0w3ia2
Lori Morar,morar.lori,lori.morar@example.net,$2a$10$vaiRyZxZcf0wAqfVnzykLOML5Pf9wG/YVyn.DOpYT/7/TkyLnQUJW
Nickolas Nikolaus II,ii_nickolas_nikolaus,ii_nikolaus_nickolas@example.org,$2a$10$nymNmjMMR4/TKngXEz4xve4/x9Wump0NFZDlg/WX2QSMjVoZaHHvW
Charley Treutel,charley_treutel,charley.treutel@example.net,$2a$10$ZD/ACD7WUYVyxzQaL5VAHu8q289Vn3qAKtK2BJCqFC/.vJCy/8n8u
Flo Wilderman I,i.flo.wilderman,i_wilderman_flo@example.net,$2a$10$7sXsM18.qPXSqKogKkKvF.udeC7h8HY6NXUWlDTaxqlfRoovY7szi
Vinnie Schuppe,vinnie_schuppe,vinnie.schuppe@example.org,$2a$10$WBSCtHT7xOI5nv8GeLc3fuk1hT/Kalq7C9mQDjIWIeN1cP1FpLoHW
Vincenza Wyman Jr.,jr_vincenza_wyman,jr_vincenza_wyman@example.com,$2a$10$Nn9pnnTzjdJbk3q9m.FpTeKoknsaJ46yiRMOpxxXp7jIVtIlwP6eO
Ludie Hirthe DDS,hirthe.ludie.dds,hirthe_dds_ludie@example.com,$2a$10$Ql3Lwxf7SXXTilt40f8XDuu1.0./kvCS3Ka3p7WhPzaHHpiFqDNEq
Lola Cronin,cronin.lola,cronin.lola@example.org,$2a$10$rqQtP7w.iVtiKkPPJpGRNOdtcc2GJSCR5fLhxDzfojTRgbigHT3qm
Deion Stamm,stamm_deion,deion.stamm@example.net,$2a$10$kH1c74p68YHKrM4yfEiAVe.XVrB2pbshSwQqHQJTlW3msGzl9vd7G
Kyler Smith PhD,kyler.smith.phd,smith.phd.kyler@example.org,$2a$10$4t/KAS9TouJWdXNHojGhhudQ3o8.FFZChhWyDxWsDDHe878EyK5ke
Alf Ratke,alf_ratke,ratke.alf@example.org,$2a$10$F7LX.ES6h..Nmy1hjqO4u.EK8ePLSeSjr5LUW5fqHrXOmA2yuKNvu
Zachary Gleason,zachary_gleason,gleason_zachary@example.org,$2a$10$266HrwHuyZD3brUXbwX.g.ZQLRcUPH0AVBvKIJJjIP50kn6qSikZq
Sister Klocko,sister.klocko,klocko_sister@example.com,$2a$10$YMdHCug.MUq3KkIvGzzhL.40i6Xm7feOSddsvpuJKlPjHRaKQO5Uy
Everardo Abshire,abshire_everardo,abshire.everardo@example.com,$2a$10$/RAcAB3TcEW8KGjGUVMD5.9fPLPXtdTsxE7zFsCFK3mMg8rHW.Kk.
Zita Morissette,zita.morissette,morissette.zita@example.net,$2a$10$HICyhp6JOt7IS87kxt.cBeOwNG9WNfDnc/W7x3IA.T7chHWzdXPtu
Barbara Rutherford,barbara_rutherford,rutherford_barbara@example.net,$2a$10$Tlnb.Ch.qq25kpYmsvssEuM4e9GOeMe1RJDRZP3D6ztNZn8oJrbfS
Zachary Gerlach,gerlach.zachary,zachary.gerlach@example.com,$2a$10$SQJNC8j9P.OeUy0gnRmmTeacAspyt.wFzL5kGIA9QopkbCa/emRO6
Marcelino Hilll,marcelino_hilll,hilll_marcelino@example.net,$2a$10$0T1.F/qqFYk1A4FyxUffSuGqZVC5o0KWtD.VbhbIrbplRBmaZYVXe
Dr. Nakia Armstrong,dr_armstrong_nakia,dr_armstrong_nakia@example.net,$2a$10$Fs2gCfirLUCtn6urixvUUeXIwWzwcu0MSFZIjuze9WIGfKgaMvwfC
Joannie Green,joannie_green,green_joannie@example.net,$2a$10$CQ3Vf3PoiAivicME7h46puqm/tj9.1SupHSSbBbvkmWgdqRtQPffa
Bernardo D'Amore,amore_bernardo_d,bernardo.d.amore@example.net,$2a$10$lNk7g1EJgnzQeNmH7Fbqnu.yEMk1UbPVEsU3qW..UOcCfrWTxCgLu
Marguerite Ziemann,marguerite.ziemann,ziemann.marguerite@example.com,$2a$10$.YBtMNSeWBRHu5Hvfeyxme8LFo2gjkSrlDHAQnWW1p6VWIS8WIR6O
Novella Abernathy I,i.novella.abernathy,abernathy_i_novella@example.com,$2a$10$mM9qmJO2r2dFJplPbaL.M.AuGnSSrzI9Os34UaB8ahyrEoQfXvZdq
Mr. Cheyenne Hilll,hilll.mr.cheyenne,mr.hilll.cheyenne@example.org,$2a$10$saIKkhdYqDDtvZTFBnuxhupOfQHG7HKBLBRStUgOCo4PkcS1B3P0u
Jermey Doyle,doyle.jermey,jermey_doyle@example.com,$2a$10$/6CRWr0jxrugJH9K8LNHTuFyUhczIjEnGGBp5sJkBzKzX4FAjHQ7m
Alexanne Jacobs,alexanne_jacobs,jacobs_alexanne@example.com,$2a$10$JWzD1VpmbPxEACjUrS4nv.cYNokwEDj4zHcGocc2kifxY0qRtUocm
Mrs. Prince Botsford,botsford.mrs.prince,botsford_prince_mrs@example.org,$2a$10$dJqVl5gBTKPbJAFnjGtwgOhiP/qQeoOXKyjXF7SeJ2NfGlJSXmnjS
Nora O'Keefe Jr.,keefe.jr.nora.o,o_keefe_jr_nora@example.com,$2a$10$yNMCOC/7gh4Upgu4HTfwYu8gFK6cRxE0M1j4hjfqM.6KAS9EHgZHq
Joany Fritsch,fritsch.joany,fritsch_joany@example.org,$2a$10$87ULSw9ssKjTXYz980aGXuURGAqMGW2ws/D.JQ.6pkoSw.FXvx/yO
Isaiah Swaniawski,swaniawski.isaiah,isaiah_swaniawski@example.net,$2a$10$dCm1ifQk0RPAioEAf12UNO1B52yzCpjXFoO2ZfXH9BDm1U.kwHNzK
Unique Roberts,roberts.unique,unique.roberts@example.org,$2a$10$ZhZDqjr.74EtX41WrkMSsesj6Zq910TPfpULS6RgtGU.t0SbpIc/O
Verona Harber,harber.verona,verona.harber@example.org,$2a$10$a4Fq.gudXPdqONJr5bS1e.f4We2b4Zk44JaEOf2pCmiD.VWfGK.pq
Ms. Clare Bergnaum,ms.bergnaum.clare,bergnaum_clare_ms@example.org,$2a$10$r7CmOSmUtYIzFDpVn3Sy5u3.9m5rDtZ/RSjslHqr8okaPa3ntPvIu
Stephany Armstrong,stephany_armstrong,stephany.armstrong@example.org,$2a$10$.WqkfuaAxw8PIuRpeg9u3ueUIhKKjP9iBNlqoiFbp..jIySOWtpou
Jackeline Kuphal Jr.,jr_kuphal_jackeline,jackeline.jr.kuphal@example.org,$2a$10$F0bea1ft0YCklkRGq4VAguLGtkF7SDkiLxGPRLpnZlE4WWhh72T06
Trent Morissette,morissette.trent,morissette_trent@example.com,$2a$10$jxx3W2Viw/AsbYZEOu5RFuNRvwpu0S5uTJrUR1uYLOL8/4912JW2S
Judy DuBuque,dubuque_judy,judy_dubuque@example.com,$2a$10$3l94TBCMRFPdPVZ/JzMWruw.tT9extG3De.ODlZus4ELC6XodGqjS
Mrs. Vida Brakus,mrs.vida.brakus,mrs.vida.brakus@example.net,$2a$10$fLPxmb9IM8TYP88m9m/teOlEX74mHCI0b48ytuKY9eJXrMHeDHmHq
Janick Hammes III,hammes_iii_janick,hammes_iii_janick@example.net,$2a$10$rcKxyxpVUyIxsCdNunxZY.8UXYbOO7G1dSnKDxvkJrKJfq/N0Mfwi
America Huels DDS,dds.america.huels,america.dds.huels@example.org,$2a$10$B4NR7lG8VkwVCcq5z5tsDO1W6W0/g98/xyjJ4o0THWxsnprDmsQTO
Heber Block,heber_block,heber.block@example.org,$2a$10$NYVMnpzUsKdMOhnzsejMQeiFioM7eqrpMcbk2PX3VcEUjPCdTZwbO
Cleo Nader,nader_cleo,nader.cleo@example.org,$2a$10$WcOs368zSVwXSJZqTQTQ0.X1HkxFcBf2EIEg8AJVxkjLSEFA5YdQS
Lolita Stiedemann,lolita.stiedemann,stiedemann.lolita@example.net,$2a$10$2g1pvXZAQuwmRY0.HFzq2esKO9Yj/AAgZ7IyKf3e6/x2NvAHShUT2
Sabina Moen PhD,sabina_phd_moen,moen_sabina_phd@example.net,$2a$10$KKXwQxuOy4xymOAwL6TRs.BMGJip9.Ngw9YzJykqmHyeIq9m4USiy
Gideon Wolf,gideon.wolf,gideon_wolf@example.com,$2a$10$W6MsYRYQUMhGO/QbOkqEm.9a8sgU5C4.u5KcPLy06ec3V5u3x6Fou
Florian Erdman,florian.erdman,florian_erdman@example.com,$2a$10$v9ra5A6WFwFuTE2UFnRbreJQpMT7SnnWmtX59mlqCzgZrFkIP1YGS
Abigale Bode,bode.abigale,bode_abigale@example.com,$2a$10$pHq21wTMlzS9AXpz.6B1v.kfywDASrTWCuwb.1NOsKsiyWe9vi4Sm
Miss Lexi Rowe,lexi_miss_rowe,miss_lexi_rowe@example.org,$2a$10$CMkwSis9ZOTyhexaxVeFweJZ.VHW4s23e/t.Pyp.4LOxT9.MZ/ZkK
Bruce Fisher,bruce.fisher,fisher.bruce@example.net,$2a$10$OEbeCey8G7lzdm.8j03jwO/WB9WYGfPkV./BslLBX3/DkI6aTrDR.
Constantin Cummerata,cummerata.constantin,constantin_cummerata@example.com,$2a$10$OAAee578IJf7lTdDDn/8AeYcP6jfJu1LPTAwAbr0fMb8L2mMMNU96
Alexys Bergstrom Sr.,alexys_sr_bergstrom,alexys.bergstrom.sr@example.com,$2a$10$tPgkJpr295QkOrDe0n4giO.fGxgl4br5azCImbsl0erXZCPssvlkm
Marcus Sporer,marcus.sporer,marcus.sporer@example.com,$2a$10$Mks5mxi4GHICxcXweK3xuu8YWQlZI27Cx.1fJTHduULS7Kdo9S3R2
Payton Trantow,payton_trantow,payton_trantow@example.org,$2a$10$Vmfr1BnbvL4UAA73D2PMVuO3zNdUn/c29WvpQaW4HcPJsZpv1P4dy
Mr. Jadon Walter,walter_jadon_mr,jadon.mr.walter@example.org,$2a$10$bQfo/9lx2wUqRyi9gmOc3.mp0cq5xqfBp.nWuzBjAJmbIkEOUaSq2
Kristoffer Christiansen,christiansen_kristoffer,kristoffer.christiansen@example.com,$2a$10$LW2CR3jd2AaNSMFTodNyOeiTr.AsxxXOIa8y6U7RAXi8/9x1gc0xy
Ines Mueller,ines.mueller,ines_mueller@example.com,$2a$10$XEBRe9mtAWAb9V/745MhketBkToLO4QbbwA77sEjE9yscIJdpCME6
Jovany Franecki V,v.franecki.jovany,franecki_v_jovany@example.net,$2a$10$Le3LR1ryt/GqRkqSmWVfseHrUfBN7TGeBHrF07q29h555oWovcTT2
Icie Cronin,icie_cronin,cronin_icie@example.org,$2a$10$GIX4UVPMQr7Z2pKB/RP5K.bmvp9Np20xj96gBCbcnYLjck8HsQcwK
Sarah Leffler,sarah.leffler,leffler.sarah@example.org,$2a$10$5MHNSNOq2zK/UI7AHol7GuBnTDDsCuPxtQtqDieswDk/Xtqet36ty
Shakira Graham,graham.shakira,graham.shakira@example.net,$2a$10$lv9EUhfmhNRc.MKT6xCqheEZxYNQQhzM1CinZbe3FU/n8mzWHMjbG
Miss Laurine Willms,laurine_miss_willms,willms_miss_laurine@example.com,$2a$10$33srXIhO.wgZZrt59rO8belHId.5IkIk74s1gwoHLFZ96G.26bxHi
Ms. Favian Hackett,hackett.ms.favian,ms_hackett_favian@example.net,$2a$10$Vd9R0TKDlCFZ9ZF4F.0wGehTX90J.ht.QLdWWlN.6Uw2ZgTW6F3FC
Dejon Balistreri,balistreri_dejon,dejon_balistreri@example.org,$2a$10$vK9IVIIzQnZWo1ZOfx21JeYO/cDVselscNYyUbuTsMdtio86wYkAi
Bradly Larson,larson.bradly,bradly.larson@example.net,$2a$10$tWqEiHazwu.HTTNOZ4gT0ua/Zzl9Apl0iviYYvmdDKfVAxEGBVTQO
Maude Robel PhD,phd.maude.robel,phd_maude_robel@example.com,$2a$10$IN5tSUcEXt9UlRzOm9qpXO.p9b8bnjidX02dDeLdtV06I4lC..tb.
Gussie Bernier,bernier.gussie,gussie.bernier@example.com,$2a$10$/HEQbxQ/9D0HvzI.lRV4reGqbagP1zYeQPLQijGQV6x5kIaP0Ofxi
Keegan Shields DVM,dvm_shields_keegan,shields_keegan_dvm@example.com,$2a$10$PHwjIH1C8Z9Z0zXFUcCVJ.JAuSaM0AO9H9NouDn0WIV1YsKbgBZuq
Alisha Bednar,alisha_bednar,alisha_bednar@example.org,$2a$10$r9qLKLDXCzExWz/cxKYfceA3aHiRierEm8pHup4/YRViwHYaLuRfC
Eldon Langosh I,langosh.i.eldon,langosh.i.eldon@example.com,$2a$10$1RKCe2qqWgjDSQC0XHWYN.oxJe3LmSGSy/F01kkiV2UkQvim/wTsy
Pearline Runte,runte_pearline,pearline.runte@example.net,$2a$10$ONZv8IJRPnUoAYFEQVtG6eWftcbqochgs3LOTbLRmS/fleUSE.sei
Dangelo Flatley,flatley.dangelo,flatley_dangelo@example.org,$2a$10$wXaFWVzdMy0w2i1ccPglv.mH4isdhlBI9z376xRWYnENHAu3n7kwi
Javier Paucek,paucek.javier,javier_paucek@example.net,$2a$10$oqLSQ0MedescD9HyucCMhOBiaLGAOiG9GYbaxdcgvKFf2CPT.lc3e
Dr. Brandt Hartmann,dr.hartmann.brandt,hartmann.brandt.dr@example.org,$2a$10$f8Cw.q5CWCBTxUStC9RFfei1sKceTZEreAED5qPkLdR8Bs1HC273m
Brielle Adams,adams.brielle,adams.brielle@example.org,$2a$10$TZ3MdD/jbEZxa4C8vulHa.jEp6VAnkKCbDNeMFDmqBWPBsCsaivQ.
Dock O'Hara,hara_dock_o,hara_dock_o@example.net,$2a$10$kYttrrMqsruapW8sBi55b.90D5.DP4LrFtitqhT9EjdzzY2.CR5zO
Dr. Sanford Welch,dr_welch_sanford,welch_sanford_dr@example.org,$2a$10$vz.d2fD/i4a6b512NXPUlORiJILOqN.s17dlCaPFPjlox/zDzE1by
Sidney Cummerata,sidney.cummerata,cummerata.sidney@example.net,$2a$10$wedOVjyfv5X6XQBQNrVrp.AFNI.QfGppCheaf1HPTwrxaiasXOSDW
Berenice Rice,berenice.rice,rice_berenice@example.com,$2a$10$tEOnBVwWPOVyfDK8c9W4eOekC4h9WHMJsVuJTIm5EbI5.vKAyMGC6
Mark Dibbert,dibbert_mark,dibbert_mark@example.com,$2a$10$DDKrCyWR.JXmVwKKDLCLY.vxLyf2.wlqx0jJ5s6BXVS3K8OgVppcS
Reece Schinner,schinner.reece,reece.schinner@example.net,$2a$10$YSwoMwW46phFCDawUThQFOBFSnfdb7zJx9DU79kcu15QZ8NMUD8Au
Emory Kulas,emory.kulas,kulas.emory@example.net,$2a$10$z5RXvIFzFvD/8ng4IYELQONZm1.SS0uJh76/uNvaIXrQsE1v7g/hK
Candido Weimann,candido.weimann,candido_weimann@example.net,$2a$10$CttOtRXCGuIuio45IVgN3eYR/7RYUJ.Dpl.fOWpH96k8pEqESoNqO
Jamar Watsica,jamar_watsica,jamar_watsica@example.org,$2a$10$TOh5Ksx9lyEVY9flNSp0Mun57LWr3s8Jv69US.7FqnBQj5I1pird.
Mrs. Skylar Kuhic,skylar_mrs_kuhic,mrs_skylar_kuhic@example.org,$2a$10$uxCeg2dSDl/v8habmA/.iOLM76zdbEIe523XmVBSUY.9JgAOgIr0W
Dr. Gage Rice,gage.rice.dr,rice.dr.gage@example.net,$2a$10$s4DSSIzNBOkAFkgj1EOt.eRCbiazUoJ3cnZiSXK.UJvJGsfI3Agpq
Chandler Fisher,fisher_chandler,chandler.fisher@example.org,$2a$10$j4QXVD8VWHAtKV2ooebz4.jn8C7Y4qu2pFhUEGqqT/o1hT1V3OdjG
Theresia O'Conner,theresia.conner.o,conner_theresia_o@example.org,$2a$10$ckBJXhKBbH5vXUH8L7up2.sIGlHhftLkygSWnmVQWI7AAeUEnwR6m
Dr. Orin Bayer,dr_orin_bayer,bayer.orin.dr@example.com,$2a$10$6TnuGI7ryEkLej9tGkSTju0ueG2FfLmYoo6Q4cSYcRSz3P1H3YF4C
Grant Huel,huel_grant,grant_huel@example.org,$2a$10$uS2/QQDTv3DihpJLIOQ7xe0cVsKW6/mObOT5Z1u.W11GQrUoLlTMG
Mrs. Mozelle Wolff,mrs_mozelle_wolff,wolff.mrs.mozelle@example.net,$2a$10$GzX54iqXeJa9Dma7aKBMbuo20tBkUDMct2RSbnmt8VI/2ZYD/bgFO
Jewell Cormier,cormier.jewell,cormier_jewell@example.org,$2a$10$lN5XXTGJpHiG8.e7IofVkuJlMqTQmdUsGgueHZ6SmCQBDNLmzAf4W
Payton Lakin,lakin.payton,payton.lakin@example.org,$2a$10$5RH2uZrT0wukyNGq/McmEejB8FADzuvowAOqbCnXuonibKZgshgDm
Elissa Beer,beer_elissa,beer.elissa@example.net,$2a$10$97yYXeUzzQRXFniw2C6.gu.8ucnhgoFFjVXkfh5L.MFHpXdXOtZtW
Caroline Kilback,kilback_caroline,caroline_kilback@example.net,$2a$10$5TOu6aC6zPYplEn8mwQ61.iLNdKq0C7WrU2ayKc13WlT66LQXiZwG
Eunice Romaguera,romaguera.eunice,romaguera.eunice@example.com,$2a$10$6/EowkoxVeSbB9/dw22UcujIIs5.59cgknohenVpRS9srRZMVagNq
Jaquelin Jones,jones_jaquelin,jones_jaquelin@example.com,$2a$10$LRDo7awHgKph4dUBqu6nrOs2stBe7VrZ17qUVhltFSDVpWjvNUNfe
Kyle Pacocha,kyle.pacocha,pacocha_kyle@example.net,$2a$10$TJwsGH43vCHb0vgqyJ5Wle.2MUn.AId44R8zpkQy.vXe2Q9kCKaB2
Trevion Greenfelder,trevion_greenfelder,greenfelder.trevion@example.net,$2a$10$COH2wX68diNGYydCwlhsSO5TbrC99zZLWf2hE9sQad9UPTVds7Oeu
Shakira Bayer,bayer.shakira,bayer_shakira@example.org,$2a$10$Ll7wVJkzUyPP.eMPozTdOO86Qsa9EgsPYLS9r1Q1NPaHHkpYhO9ZO
Clarissa Wuckert,wuckert.clarissa,clarissa.wuckert@example.com,$2a$10$j9SSGuKdSSZOSLBu6vBRxelnehRafEw6ove/xd3lsgWk15NfcEchW
Ethyl Sporer,ethyl.sporer,ethyl_sporer@example.com,$2a$10$InsUTDUX3Cc7C8RpMatq9OMexmAQfLPoXyezoXa0OSgAekbniE5F6
Joyce O'Hara,hara.joyce.o,joyce.o.hara@example.org,$2a$10$1EhsfqPNGC4jwSAbTroDwOBnkzYhydLWtbgXuMxAZ4BWdGiazQ3Ty
Bianka Gusikowski,bianka.gusikowski,gusikowski.bianka@example.net,$2a$10$HfBegtM7HfntLMP1tGg9FOwIL2xJwsNs6G2f9a.8kWpDQwdbrLGii
Blair Williamson,blair_williamson,williamson.blair@example.org,$2a$10$xuHTXldraEWdVbho0UD/5uhlf37xU0TG1e7ZFpWM3AFPEsopWvFpa
Maurice Moore,moore.maurice,moore.maurice@example.net,$2a$10$HWaq2Kwjy21bWuJLnuXlouC23R7AD.Knw3nxQ8fmDUSlVD3yUh/lS
Lavon Breitenberg,breitenberg.lavon,lavon_breitenberg@example.net,$2a$10$xdJmEVpilVgUF2wYmDqNVeGxFygF2k8YogyQgkU5g73PrnwYX/Hjq
Aliya Jenkins,aliya.jenkins,aliya_jenkins@example.org,$2a$10$6rLyZtc2dSgK1s.iXAv/0.QQX5QCKrcsFb/ojGhQU9pN0X0RS.SRK
Christelle Weissnat III,iii_weissnat_christelle,iii_weissnat_christelle@example.org,$2a$10$2lE9imZ2scUPIoLBAhDnbecyA80JqDPVWJueI9rpuVjaR83vg9ZRu
Olaf Barton,barton_olaf,olaf_barton@example.com,$2a$10$YYbZDUwcYQBbb2joK8d/dOm277LeogPy0CvCcc/09sQQ8i7MktxiO
Mrs. Jessy Kirlin,jessy_kirlin_mrs,mrs.jessy.kirlin@example.org,$2a$10$rmncf//ajaphArx8yJMzx.c9rtrJvLC7eajL7nFc33kRmV7ssNBJS
Mr. Hilbert Padberg,hilbert_mr_padberg,mr.padberg.hilbert@example.org,$2a$10$xf6xbWrtdpKCgP.f6jhzzuo3ADTyCCpG3QWxIw4QxWEvZ.NfcoLry
Jacinthe Kautzer,kautzer_jacinthe,jacinthe.kautzer@example.net,$2a$10$qOcn09wPZxuBgAmJx4izc.memdojC1KwxH1uczwn/X9Coe6iuz8V2
Natasha Fadel,natasha_fadel,fadel.natasha@example.com,$2a$10$ekhfProDSXV4KS8v4g98leWx5Haeppq1b4nlJztQWUVT0tytRFJ7C
Izabella Reilly,reilly.izabella,izabella.reilly@example.com,$2a$10$H7Dy./2DiZCTD.y7.5STte7urX.LiOgp/mBe60um9NeGnCxeOopTO
Hermann Kunde,hermann_kunde,hermann_kunde@example.net,$2a$10$cSzJb8EuE5LhCyY021Fndej6GSp4FIVgEw/Kzn6NM1X8XL/jpGlIm
Ms. Cleveland Fahey,ms_fahey_cleveland,cleveland_fahey_ms@example.net,$2a$10$bzHL9KUfbPn9R9y3GQ.JVeIsOp0692yfRlJ.ML69lZ3Geu0yIU1GC
Cecile Rutherford,cecile_rutherford,rutherford.cecile@example.com,$2a$10$P8oCDpG7L5dXVXRdctT5o.DVHFUxE2wVAsYPUaxgEPocXCLNgw/HS
Zack Koepp,koepp_zack,koepp.zack@example.org,$2a$10$wz2YfVPb8zLqXoblOgZJ2u3bbDfvPnOSQYV0w/7COySmVuOs56h/2
Kristopher Moen V,kristopher_v_moen,moen.v.kristopher@example.org,$2a$10$6c/k3zmmrXFwRNVRcrz2g.B3fMO90Xqnatt1dnq0mzhhlU4xXV6QK
Curtis Renner,curtis.renner,renner.curtis@example.net,$2a$10$BvwVu8Fx6CsceWjsD5XNhO/uDOjpK5U55RHxmGxXmRnkzcE9p089y
Bonita Will,bonita_will,bonita_will@example.com,$2a$10$znCA7bbmYlgZ9CkP359LmO7BDpbDtLgEWtCMWm1rZTxVJ3IuOOpaC
Garland Koelpin Jr.,jr.koelpin.garland,garland.jr.koelpin@example.org,$2a$10$HE/WMs7H/42QsdOqJCMnFOHty.pJRSvR2XTIYaf6XniIRa7eohnhK
Lauryn Renner,lauryn_renner,lauryn.renner@example.org,$2a$10$umf360WhPQuJjxqTqdE8ueLY1MFl612xDBLa7L3U3NhG1/C.CtHUO
Ms. Sadye Ebert,sadye_ebert_ms,ms.sadye.ebert@example.net,$2a$10$MJiCm9E17JzYVCC9C8eIRu73lI0iDGZ1VxcyLyUzslre/3XfJ/vde
Blanca Ortiz,blanca_ortiz,blanca_ortiz@example.net,$2a$10$kIP/x6Z5OP9jAfHW3.8xye9V1H6scdVBUy9NazamE3uiaAkbq/h2G
William Bogan PhD,phd_bogan_william,william_bogan_phd@example.com,$2a$10$7HXqVaS7R0qNY2tjnj9zneXl0hW1wSLjQIcV.7do2h8qOr0IdSlUW
Rosina Parker,parker_rosina,parker_rosina@example.com,$2a$10$cT0Xl7QfwJ6Enx.rgY611.bXQM6caNAfTSLQsv9pasWmGjXLfKMjq
Chester Lowe DVM,lowe_chester_dvm,dvm_lowe_chester@example.org,$2a$10$Qzm9W..pSWDuR8scCkN5FezhyQsICQ3dpSUNEzs3dW.D3sDFHHCz6
Malvina Ferry,ferry_malvina,ferry.malvina@example.net,$2a$10$V1FRI2KybhjbNSPw3TvuJuuBu9HB.ooi/3M7CJwsw24/KAuGxmIhS
Reid Medhurst,medhurst.reid,medhurst.reid@example.net,$2a$10$UI.KV8UE9UHwzdTF9UCnke2Qg4b3gHRNS.jAtgr7muXXRz/1hzoqy
Isaac Cormier,isaac_cormier,isaac.cormier@example.org,$2a$10$LAEVa3p1fPS1vD4Sskn5i.CvetaaTR5TfilA/vSOqUWBccmuQ8rSO
Miss Alejandrin Luettgen,alejandrin.miss.luettgen,alejandrin_miss_luettgen@example.com,$2a$10$J6Kvfx4Nl0K90RAKKrIsoud7gnsjkWrFs5W8whZdtKxivZS773rJm
Maia Schuster,maia_schuster,schuster.maia@example.net,$2a$10$GEMiGWd2pAQX1NhMAr1c4eY/7HhNFwTwgwyWBiUNkXFofnvoqILtO
Ferne Lemke,lemke.ferne,lemke.ferne@example.org,$2a$10$y1/UhESotdZJE0oK.s9IjuO2x1/XXylQAdDo12h6DbEyX655cn.t2
Dixie O'Connell,connell.o.dixie,dixie_o_connell@example.org,$2a$10$BsU1Dfd2E375SSdWSpVcOO/n7956swBgq0SPwrvbtEFwV5.zekCSy
Johnpaul Predovic,predovic.johnpaul,predovic_johnpaul@example.net,$2a$10$XbkmQmU089OkjZHLNtRsTOyOR436u8BpTEfW1IoqhknbD0qdHG.Nm
Andrew Kshlerin,andrew_kshlerin,kshlerin_andrew@example.com,$2a$10$Ku2RvcKr5VnU0YzotZSFl.npLJk7bvCu5PuHNq09AM0BHWh4uMuHO
Lauryn Runolfsson,runolfsson.lauryn,lauryn_runolfsson@example.com,$2a$10$sPqShgsiWCDNWRroPIkOX.ilXMfbPVdv4sPikuENxK2ov/DgThupW
Brody Armstrong,armstrong_brody,brody.armstrong@example.org,$2a$10$2FB5KCz1yfjdoigYFc4vQuPr2KkLmdotzmT.CK.G62EjP5K1X9xUu
Jada Collins,collins_jada,jada_collins@example.com,$2a$10$x2lMAhoJq2GHgk2sY6PR3Ob4YP4qgVPyGVKqTKGkxainp.l8Dlq1G
Dr. Tatyana Stark,tatyana.stark.dr,dr_tatyana_stark@example.org,$2a$10$zU1ilsrSKeboU1YrPvPVNeIAlH7/ehLUIsbHuyX1XLZcT3xsPj74i
Savanah Rau Jr.,jr_savanah_rau,jr_rau_savanah@example.net,$2a$10$jXcVF5fG1xrv0/efcPm7iO3d8BjU2/QzH9p9SI1vgKgbaJzx6M52i
Petra Bednar,petra.bednar,bednar_petra@example.com,$2a$10$MLhHQkBZILzd8.Fix7ALauYvxotdRPDPC/kbEqeQ/Y6C9h/B5v81G
Anika Bernhard I,i_bernhard_anika,i_bernhard_anika@example.org,$2a$10$ivbYWPVNjXxwpMVkiVm6o.s6ipB62vt2gdwLfyfBQwgTxDE8S4EEK
Brennon Halvorson,halvorson_brennon,halvorson.brennon@example.org,$2a$10$lrbnUcGa0bea35FurWejmeotVwXCmwlfdfbBbXNB6kLwuC6bF1cqq
Amir Batz,batz_amir,amir.batz@example.org,$2a$10$3pVDRQWfGWe3xqvIyLLwgeHlm7MVlgKylo5mJwkmPVKB69YXVMcGC
Dr. Jeff Littel,littel.jeff.dr,dr_jeff_littel@example.com,$2a$10$AJZx8Z16OZBGrEolHToEYuvsqx4bqi0MsxLhTwYvO2tfXOlNQ9aG2
Haley Paucek,paucek.haley,haley_paucek@example.org,$2a$10$BIJaFdnBVzDtbakL1jiaZuBv.WZTtLn.5kAUzbov8Mq9k3bhWoEJ.
Mr. Bradford Williamson,mr.bradford.williamson,mr_bradford_williamson@example.org,$2a$10$ej6UNxVcOLFhJlUZ/w6xBuF8x6InUWXKB6FvsdUmqQGd8t33IW5c6
Jarrell Kiehn,jarrell.kiehn,jarrell.kiehn@example.net,$2a$10$TVu3z98UURy9QsTaUsc8SO6o4hZu067pTV5oBOPNBBljt24iv0Yo6
Elva Reilly,elva.reilly,elva.reilly@example.com,$2a$10$JcFAnptuIQ0AJTJOzpLHU.X5J0WjR.ONb0eeXnUmhXeURvoFQKCxe
Lorenz Ortiz,lorenz.ortiz,ortiz_lorenz@example.net,$2a$10$Qi2XOr6wC9O0wCy4rot4ZO5j5A78Utg5S/8.lSWY8cgYoANM4tYs6
Nigel Stanton,stanton_nigel,nigel_stanton@example.net,$2a$10$albZhgSCR14aA.OnYbGoKuHgesAk.jlzbf30Yw7rzh8t646vAxHEO
Rafaela Smith,rafaela_smith,rafaela_smith@example.org,$2a$10$JqKQX.dUD8Fb6NL4K3Qp7e6R7Lp6r2z/hyC/XSB63ib4mVWDL84L6
Anastasia Sauer II,ii_sauer_anastasia,anastasia.sauer.ii@example.com,$2a$10$ZkSihkHjt1QpauAJdjS3Se5vaq6M/TE6n6BIFv9elNrEVEBogZFtG
Selmer Fadel,selmer.fadel,fadel_selmer@example.com,$2a$10$G.Qbr3gOq.FzkCnexgUlMuUlYA4yNYPduEAjX8D1R806E63dHdpoC
Aron Mohr,aron_mohr,aron_mohr@example.com,$2a$10$U9DTwn6q95uHq1zKTTo1q.jXsbLvigBXKiHgOuJ6viDZM8OIks5Wu
Ms. Coty Franecki,coty_ms_franecki,franecki_coty_ms@example.net,$2a$10$wjPF.HwLwGftIT6Lj5vVs.FE1XobY4swbzorDhOlyzowtdyqH3//q
Lea Stoltenberg,lea.stoltenberg,stoltenberg_lea@example.net,$2a$10$DhWcfRJUkFR3ZoXbUqq.h.36pupCw38s/Ucmp5HlHDZDAkkLGoahi
Nelda Trantow,trantow.nelda,nelda.trantow@example.com,$2a$10$s2Nul6fZn3Ri1FAaM6E0Oer/KuAA.PXwYG4/gc7v9WwHv9rKwEI36
Rodger Hammes,rodger.hammes,rodger_hammes@example.org,$2a$10$GM4kWUwxh79b.fUZ.drUaeXPZhrw/fHHiOaY9ICkC1LmMpy.76aNa
Mrs. Barry Bosco,mrs.bosco.barry,bosco_barry_mrs@example.com,$2a$10$xVPNilw5bT4TRTLV3APL1elGzVr5dtkh8DRGfs1ojAJ9U4k1dlVCW
Michaela Hackett,hackett.michaela,michaela.hackett@example.com,$2a$10$LMifPUlDdzcdtjoS1vkOY.itUqBsT3OiNpJmwIoSWH9k.y1Mu/16a
Ms. Nils Cole,cole_ms_nils,ms_cole_nils@example.org,$2a$10$NynAoCW9UCuyQfMIJv/FtO72Ss11MFsH97v2qV3RBOcmX9dRJvjaS
Winnifred Kautzer,kautzer.winnifred,kautzer_winnifred@example.net,$2a$10$70anGRdJM3V3SQlI4RS.be2sWc8VoyqTrOWloWIA0lux4gEAPmiHm
Cyril Roob,cyril.roob,roob_cyril@example.org,$2a$10$p1P5szauxtFCESOzSWdwZe4/ElEhDQ2u.FUsncTNZ4B5CGbvQnRBi
Roosevelt King,king_roosevelt,roosevelt.king@example.com,$2a$10$9bRW1C8p3hdawkwlfpSaIuiFsGBjaMKUbkq/MxMEuoULaas9ADsIG
Rosanna Rodriguez,rosanna.rodriguez,rosanna_rodriguez@example.com,$2a$10$llZI0KgwJt2ygRunsvqmpOfCXXzvOOCu6pN6QmdOsyJwbAKRpU.Ei
Cloyd Larkin,larkin.cloyd,larkin_cloyd@example.com,$2a$10$VnNpKbinNXEH7DiAN91Q6uZhnPwEalKAYe9DKi3maUPcYU2gX5kZ6
Tamara Lehner,lehner_tamara,lehner_tamara@example.net,$2a$10$nPGBhamL3MsikJZYBqGTueqlb5VzvSsszEODmsb1jAkaW684Le0Bi
Mortimer Yundt,mortimer.yundt,mortimer.yundt@example.net,$2a$10$NCUTC4FDu0vN8N/lcOvkRu5ohuFAvyv7d8PU8rypW68s42THvxl6O
Kasey O'Keefe,keefe.o.kasey,kasey_o_keefe@example.com,$2a$10$3uT7igFrYCyq/KYXwCLp0eaAww3C/6sFE19urvgO.ksDLMgRya0qO
Jadon Keeling Jr.,jr_jadon_keeling,jr_jadon_keeling@example.com,$2a$10$AqUdLQiEBb3LQ5ynjta0EOGUZksDXfbJyjbux7ja2FpoUaSnYSZAG
Rosanna Hagenes,hagenes_rosanna,hagenes_rosanna@example.org,$2a$10$kcs0MbGfGQBosp7kHW.rWuBp9EmmAiH3Ful4232mmI1sGO71w/JmO
Katlynn Keeling III,keeling_iii_katlynn,keeling_katlynn_iii@example.org,$2a$10$HdjNBI8gbdiBF5KDFkL7T.k48U.mJY43kAhJo.Kgxs5yJeCeK3aSm
Kaelyn Cassin,cassin.kaelyn,cassin.kaelyn@example.net,$2a$10$rN4ngo3UkPlmajoBCBoz8eNNfMi3QUYSphQ/uqvoXAQFbig/Qd2SK
Axel Mitchell,axel.mitchell,axel.mitchell@example.com,$2a$10$o7JY18Pgse8ioLfB4NE1UuhKcCS5MwapFyvt3CA/KPjCN/4CxFGyy
Francisco Dibbert,francisco.dibbert,francisco.dibbert@example.com,$2a$10$OhDzEYrM0rWHx6tPZG2lj.Y5HdQxH0PVBwixvzYaf9CGKojzpJRQ.
Lela Schinner,schinner_lela,schinner_lela@example.com,$2a$10$oxTGzmz41MycK0y1E3pR3enuCyv0/v.qQ5GP.eHemOh8U3.VsQAk.
Bernie Thiel,bernie.thiel,thiel_bernie@example.org,$2a$10$6M2l5OywGqnza/PQcz6ch.rCFgRpRw.9gNCq0CygaJmp.tyKtTmPa
Meta Daniel,meta.daniel,meta.daniel@example.com,$2a$10$DgB5SI46ezO9VX57jHJklOAXxD71VtYshA7tZmR4ohYYX7ebQMXfi
Tod Monahan IV,monahan.tod.iv,tod_iv_monahan@example.net,$2a$10$/6eGwjSvGpG.Sm/w1Bz1Ju/YOFPDPs.sLx7/eS.6VueDTj9P7xJnO
Alexzander Funk,funk_alexzander,funk_alexzander@example.org,$2a$10$j6Jc6EQ7/bMqabNstt6.uuNoZGlipBgylT5SkfmFxperchWdHH2N6
Angie Keebler,angie_keebler,keebler.angie@example.net,$2a$10$YnTFmaMAQ5T0Oo7mLVRvuulO1dLMWbtxp0WcBjqyqV7OBMk8FfGvi
Miss Nicholaus Lueilwitz,nicholaus.miss.lueilwitz,nicholaus.miss.lueilwitz@example.net,$2a$10$G1hVm96OmwwWgAM8Cz3uQeksEM5T.ZYuCeiYLVSSUJ7jWXAaasg2m
Marilyne Beer,beer_marilyne,beer.marilyne@example.net,$2a$10$nrnfE0F1ZAh9tT4HOjRarOMUoLLaFTXF9VFezfF8hPuW6MnEvVvtK
Christiana Daugherty,daugherty.christiana,daugherty_christiana@example.com,$2a$10$RMjzHdwolcXqZTOV4FkA5OhJPHzn7BrzhoZ33QOFMQXTXP23wCm/y
Mina O'Keefe,keefe_mina_o,mina.keefe.o@example.com,$2a$10$kQ6ThfuwfoSY7LXnkHZeteA/giv4/3YjuLw3gYE7ptghvYD.60u.G
Casimer Stroman,stroman_casimer,stroman_casimer@example.net,$2a$10$9rqHtCOROzVmIQ8EjSO1iuwXx0hJjxd7A1E.JWpjRHl4lBhq5/mUi
Kirk Fritsch,fritsch.kirk,kirk_fritsch@example.com,$2a$10$6E1X5XAW6iUkWLOKT3rHLO6kfcg8Ph6qtPVQ7znZt/MMjTFyCqzh.
Dale Berge PhD,dale_phd_berge,dale.phd.berge@example.org,$2a$10$4en/DHoPBjgBwIwS92t8oeVAgVSTwiNgMNoUnnDBLI64g764gG9Im
Ms. Emanuel Wyman,wyman.ms.emanuel,ms_wyman_emanuel@example.org,$2a$10$SB46AERZQ1oNcZBkXxz5ROPkRQFOQMTLycqyLWkEhlPNgUmNyxvJC
Dr. Sincere Bartell,bartell.dr.sincere,sincere_dr_bartell@example.com,$2a$10$fIkK2zwDvDth9YuBipwQUOEpKNuN8thLyqlwbPzVNSJ5pW4pe0Z/2
Merritt Legros,merritt.legros,legros.merritt@example.com,$2a$10$x.SAUxpde0sZ0mZn5Ewu..LcRXXYqWq83ZTlELyaPObhcB.O5FjLS
Scottie Greenholt,scottie_greenholt,scottie_greenholt@example.org,$2a$10$rjMAwIVUeat87.H43jwqJuJqGlv2lf6/kcwTf2EECF2i.vuWqp9K2
Antonina Grady,antonina_grady,antonina.grady@example.org,$2a$10$t4haJKGXYx3/VtoWMKNH9e4RTQ8bYsTUQil36T6hlXnxt1hVfQcmy
Ms. Keshawn Kassulke,ms.kassulke.keshawn,ms_kassulke_keshawn@example.com,$2a$10$butXSbYbENlLc0L0wvVO4eYKtgP.9Yc5nQ5RVLMWUIDVhE08.3TX2
Dr. Jovanny Parker,jovanny_parker_dr,jovanny.dr.parker@example.org,$2a$10$pytpjGbQYn5QzxNkJ.kDE.cfXbSQqmUwU9EzP6yNO2W48P.GuMRGe
Marta Fadel,marta.fadel,marta_fadel@example.org,$2a$10$662180YqJrCgJbysBmMTs.Q1FkHjz1edpiAS/FOGAqw8TnCdibdFi
Trever Kilback,kilback_trever,trever_kilback@example.net,$2a$10$65/A10C98f0bXXbFI/FGnudsMtfIMe60/9soMZSSPesxvfNJn3jiO
Miss Antone Kreiger,miss.kreiger.antone,miss.kreiger.antone@example.org,$2a$10$JGHDF9M0KLLEEeRO6WAz5.amvCB4XQS8QsStZ8XevVQSJRCYlGXDW
Kayleigh Towne,towne.kayleigh,towne.kayleigh@example.org,$2a$10$W3R4W8SN15x2KVxXzOpGEeRn2Jr7HqRwGkzNiqpvRBkQa3VOs7jcS
Marcia Stiedemann,stiedemann.marcia,stiedemann.marcia@example.org,$2a$10$36hVo68h0UZ6abvDwZdG/OTlVQByP6kA6mFnd8osaeYuyCKWf7xO.
Christopher Heaney,heaney_christopher,christopher.heaney@example.net,$2a$10$E.R.19JZGDITCT76zSs22O77G0AQulLgc3XD53sAYGPVAD8rRU/7q
Johann Romaguera DDS,dds_johann_romaguera,johann.romaguera.dds@example.com,$2a$10$ntgtU0RiVQe4EWjGNKfYYuDxGbjztkXjMlL1wIgGZBgFx3iIlUsia
Everardo Hoeger DDS,dds.everardo.hoeger,everardo_dds_hoeger@example.org,$2a$10$5Z4WAKrhJV.dTSun1c3J0e7D.vI2J1fFhvbLyBOC33AwlCTqTbq5K
Reba Walsh,reba_walsh,walsh_reba@example.org,$2a$10$Ru4UTXfE9KXfy7a6jLP/1e6ao3FbXCsgqkaQibfXND9tZBNlZZzey
Lavada Satterfield,lavada_satterfield,lavada_satterfield@example.net,$2a$10$Dsva4ycOcBUbuWughkWBKeXKO.lJAcsy42/Na6DnTQ0QVA94omk/C
Ara Swaniawski Jr.,jr.ara.swaniawski,swaniawski_ara_jr@example.net,$2a$10$.r8Qt3piyAbyGAkTB4UJm.N/rWhhV/qrgTjZDH2/hAROCL/.7IsOa
Amya Romaguera,amya_romaguera,amya.romaguera@example.com,$2a$10$dCiToeLL4cWp6LFn4yxSeu3HoCQ1sdPajhHxW2o/Z0KD3LZ69SaNu
Ms. Narciso Wiegand,narciso_wiegand_ms,narciso_wiegand_ms@example.org,$2a$10$JvCshC6UWhnp/w17y8msouZD0uaRz1.GAyT4Rxr/EMiF7r/mI8w6.
Andres Aufderhar,aufderhar.andres,andres_aufderhar@example.com,$2a$10$yNEq63f2b7Heyk.FX6HKn.EUxPilCLYkc1vKubAw2AsfnyaFqG9xq
Alverta Bartoletti,alverta.bartoletti,bartoletti_alverta@example.net,$2a$10$uZgFeQyvBl73uQDYwEaPNODO0wQwbPqXBhEg2WpXFlu00pW5xVgLO
Roxanne Stroman Sr.,stroman_roxanne_sr,stroman.roxanne.sr@example.org,$2a$10$3UTntceLZPfj7nf7.y77/.g1BYDtnYYpGdTvJP14oh/b4wQZwHVTO
Mrs. Adrain Hermann,hermann_adrain_mrs,hermann.adrain.mrs@example.org,$2a$10$GPFh7fNCE/sj5kNRQkm6eeGtj3rlSuVI9cwitCnuBQSDqWQRqJuRa
Ms. Gust Jerde,gust.jerde.ms,ms.jerde.gust@example.net,$2a$10$oythvE9Pvuixj4A35qzTieugPryoNAzZjs53FA/ciuNBD3YWMXC3W
Hermina Boyle,hermina.boyle,boyle.hermina@example.org,$2a$10$uoFVE6NMcL4HPOIAOqMpt.7XptAVxk1oGDLj5SkACKcCY3IFzynga
Berta Labadie,labadie.berta,labadie_berta@example.net,$2a$10$K3z1rWn4KPbAplSJlYEvfuQXFYqWw/OwCsZkbW/rQni2bli/M4f0K
Dr. Delbert Schoen,dr.schoen.delbert,dr.delbert.schoen@example.com,$2a$10$kgJ3lWd0Io6emEm/dp4FSuZ1UXYIaInwvPj7diD.l.tKg07SnZkcO
Suzanne Goldner II,suzanne.ii.goldner,suzanne.ii.goldner@example.com,$2a$10$EZpGJBeOIlk1OdQb9/EUSOYVNypJ.paX33jlC/txBBDRsMGEZid5q
Dr. Kara Mayer,kara.mayer.dr,mayer.dr.kara@example.org,$2a$10$ywi77okcNbTuTBFx36nJuOhgXnriYj2y/atbPmFxsoOJrD27FCOMG
Dr. Gail Moen,dr_gail_moen,dr_moen_gail@example.org,$2a$10$xBbmMY.Xd7cv26XT/RnU5OmD5dhtj0e3f7SC.BOb7IdnExG7/dzre
Ahmed McLaughlin,ahmed.mclaughlin,ahmed.mclaughlin@example.org,$2a$10$0FX00U/cSaGVHZGRbywFx.ohcJ.uZqNTPea0IR8tuPvH7meFqcBg6
Ms. Justine Ledner,ledner.justine.ms,ms.ledner.justine@example.net,$2a$10$JBWcfpPQvTbB.lcToAXqN.abYIgrsZuALA9uDXaBZTnzzYwLA7/VO
Ms. Cale McClure,ms.cale.mcclure,cale_ms_mcclure@example.net,$2a$10$PP4KxiiyNLOLRJzKvvWW2.Ld4FrZ.v9yRDlG1g9nMeC/e5vkMMfAi
Darryl Quitzon Jr.,quitzon_jr_darryl,quitzon_jr_darryl@example.net,$2a$10$fH9YtFHEjkkLK47ZXNKEMOpwxozF60nMowlDnoqIRrsiTWioJCuQ6
Newton Friesen,friesen.newton,newton_friesen@example.org,$2a$10$ENMps.7f6pIF2DTAuK0EZuY/ek.6iVne/tmFpQos52FJi43oE87cq
Humberto Jenkins,jenkins_humberto,humberto_jenkins@example.com,$2a$10$0Rq6a3WeJXG2scEALmoxSOvYgMf4u8yZz0ENtlAH7V70dqLYmTslm
Hazel Altenwerth,hazel_altenwerth,altenwerth.hazel@example.com,$2a$10$PZXweTh02cMu/Jp/yQuiyeZ3Zu1Aj3glrlt8orBG1wL3UW43wdXhu
Alberta Satterfield,alberta.satterfield,satterfield.alberta@example.org,$2a$10$mG6v8jE5WP9SHdcms8yf8OxPHn7Kex90gfn3m/TG2qztho8vDQdk6
Lera Turcotte,turcotte.lera,turcotte_lera@example.org,$2a$10$eqYtVuwi4wAbD71rW5AXf.EdGaFw4ptYUxjswfsw3G0YQRXNf9Zq.
Felix Schuppe,schuppe.felix,felix_schuppe@example.org,$2a$10$nhFbatZmoSPyndwHUFPCNObUV1m/sLQk9la70sbSe8QAnucgcPTeS
Elian Fahey,elian_fahey,elian.fahey@example.org,$2a$10$ROcZSE4ceWJW3qkixAyUTOrvRp8hfuxB786JdJlrmn4XjwqH6Ulka
Christa Herman Sr.,sr_herman_christa,christa.sr.herman@example.net,$2a$10$mBMgotPMpJPZ8b4Wz/c5H.gr7Zpw8HXUj5Xf4rr1ywYcWy3q0VeMK
Melissa Hills,melissa.hills,melissa.hills@example.net,$2a$10$WnQvOI2Scoey5vsrV/tjL.FICWjpaJlbUb5W9rhnfkfsP3wtPMRUa
Jacinthe Hammes,jacinthe_hammes,hammes_jacinthe@example.net,$2a$10$e3/p0eZBwKMmmlIFyCUKXOywIgkQbXOPs3v1TQngRGY4mC12/em4O
Mylene Kub,mylene_kub,kub_mylene@example.net,$2a$10$Knq3a2OEVMdFoqpBEif6fekzEaZTMJdEBwPET6jS1XlsCBOOpkLO.
Phyllis Hermann,phyllis_hermann,phyllis_hermann@example.com,$2a$10$3vOKgSJlkfxcHV3hfcDtCOGp/TE6175gKughH5X8g1W1bkQYkpKwC
Verla Hand,hand.verla,hand.verla@example.org,$2a$10$H7YGvySU9M11FooRDrFqAepxf3JbsquxMRFfmtDxfBZys56cHZR06
Mr. Francisca Collier,francisca.mr.collier,collier_francisca_mr@example.com,$2a$10$fOJUISb85Crkz5xXvNnKSe1U7KOYaIDa5HNKLtgSVBJWUs9e3VI.S
Margaret Considine,considine.margaret,margaret_considine@example.com,$2a$10$NlobqjoMJnBfaEJDuYceH.OgLFKcIU.Lk1BijNcvfJGo5btNp6Mz2
Kennedy Anderson DVM,dvm.anderson.kennedy,anderson.kennedy.dvm@example.com,$2a$10$bRE336IMkLuZQjkcAEmGwOWW6Kb2vjZw5iqSaC86lVYZ5mRnAQ9MO
Katrine Parisian,katrine.parisian,parisian.katrine@example.org,$2a$10$pXiRURThtfhMn6Bs.uM9F.JqEiZ0JNTwxItCo3Y/vzLiueEnPGzlC
Meredith Wiegand,meredith.wiegand,meredith.wiegand@example.org,$2a$10$7cNg/JBfvzozKvN7HfDtPOm1TmoCSMd151Y2MQ94V6YQpaEPgnjYq
Wilfrid Strosin Jr.,wilfrid_jr_strosin,wilfrid.strosin.jr@example.net,$2a$10$A4fqw13Yvo4LHYloZArSw.SWGl5v8WksWdMeqt2Vs1F5zvAUVRaqO
Taya Gerhold,gerhold_taya,taya.gerhold@example.org,$2a$10$NroYH.KtummBgi5ezfn/2eCvDnErbodOuuN7rc4xOP3JvO7ZrUDCS
Rashad Pouros,rashad.pouros,rashad.pouros@example.org,$2a$10$LjO3Sv4V5fP1fjiMDMHmx.kX53ImVvk5bSoFfPwhDwirdwojYnJSG
Deshawn McKenzie,deshawn_mckenzie,mckenzie.deshawn@example.org,$2a$10$2Ihha2PyQh3ljw9w2bULQeffdyxcwRs8TYcjai7NUrSQonGkJqdKy
Jamie Lynch,lynch_jamie,lynch_jamie@example.net,$2a$10$qQ32qOlUW9hhuILVtEWO..NaIm.JqOWkQDUS1H0HBuWdMyw8DiPF2
Daron O'Connell,connell.o.daron,daron_o_connell@example.com,$2a$10$mKDZE4KSdZAo.GAMBogjeegza8SjO3gWNNRHcVhptxqgeWnSNZ2s2
Eino Mills,mills_eino,mills.eino@example.net,$2a$10$M4KkGz0C8uL5mN7f3ht6cOKHr4Fl4LMUoT4ustZTaUpaGdcVLCUyi
Gaetano Bogan,bogan_gaetano,bogan.gaetano@example.org,$2a$10$BxUUFedM/zCJAskfnjris.YEbWEsVStYimlYKPV4l4Q/WkGUwyz76
Gardner Schmitt,gardner_schmitt,schmitt.gardner@example.com,$2a$10$Q.BI.CSd6AX37cVg0WB2BOZYs2EqQMuxUzINbTFRLCwKiI5W9jjKC
Linnie Raynor,raynor_linnie,linnie.raynor@example.org,$2a$10$azemZDm5KWDhxMZ68.H/ouWRILW.9P1yd0GAw5JV3Iu.O3AnRIgk.
Mr. Florencio Wisozk,florencio_wisozk_mr,mr.florencio.wisozk@example.com,$2a$10$jqwc50y0v2wfi2bn8Tln..WHWmG3GNFsg6kCLdeV6/KHXUEL3wRGi
Ms. Alvera Koss,alvera.ms.koss,ms.koss.alvera@example.net,$2a$10$ODUbXIF8uVqhFg0d0zhXoeRzp1DNIezU5kMBr1Vx.hNp9ouTX3dT2
Bria Rogahn,rogahn_bria,bria.rogahn@example.com,$2a$10$4gOYs.rZEmIBtDBbkONZMOmZSUcPI6TOQpybFWgKN45qSk6NMKZK2
Dr. Rodolfo Cronin,dr_rodolfo_cronin,cronin.dr.rodolfo@example.org,$2a$10$gPOkF94CcOZqDqzbtFWAb.UBjvjK3O6k1CspmayZGp7dojeMkmcLC
Salma Corkery,corkery.salma,corkery.salma@example.net,$2a$10$GASK468M5aClXrqxtHzlY.uG0i8PhiKpaTcv/26UYLQ1mQLCfAfam
Ms. Moses Frami,ms_moses_frami,moses_ms_frami@example.com,$2a$10$XVSVIWjMyr.fy9ssAmhGbuOK8uDPBGBcNQ7jGK5TwAW4ag89chPF.
Okey Schmeler,schmeler_okey,okey_schmeler@example.net,$2a$10$D2SeBU0OIOdV1lLHhhhlley3Jc7uO8bYHmm.Z4zDA56ntRIJgyC82
Mrs. Precious Boyle,precious_mrs_boyle,precious.mrs.boyle@example.net,$2a$10$kwww85qomF8jJK.S570iDuzr5J8nz96GEzvr3CxmkLczjtLo0slne
Brady Macejkovic I,macejkovic.i.brady,brady_macejkovic_i@example.net,$2a$10$OOLh86mT6QGxF7JSqitZ2unnZiyqwHsrtzu05erxnDjZBgWQ0LR.6
Mr. Zion Cormier,zion_cormier_mr,zion_cormier_mr@example.net,$2a$10$Dd.qIB03JqoI.OnbAZupYOufXJcYoIkUtLFEOBGt3cre10OIXQJfK
Godfrey Sporer,sporer_godfrey,godfrey_sporer@example.net,$2a$10$1NnnksIkIj/a9ozfErXBdeT07mbaH/F3JmGzkBwwAId.N0zdaDF4e
Alex White Sr.,alex_white_sr,white_alex_sr@example.org,$2a$10$iBqOLDez0vWQBoBL6jkD6OHR0DHe5iIrEl4hpzeZGaLHBpc.Er1my
Ari Towne,towne_ari,ari.towne@example.org,$2a$10$jjwfVWAvbNYiGRJmqQqvR.qRyv0pNYu7lJnFMZaFaTHaI5n1mL1xO
Marta Kassulke,kassulke.marta,kassulke_marta@example.net,$2a$10$MFD5869rdhnqGbaCbdsvdec08jtCZt316M.UD08/7WlZkskm2.udm
Fletcher Ernser Jr.,ernser.fletcher.jr,jr_ernser_fletcher@example.com,$2a$10$vzwjRlReXU5jhJ19kYXqReMDwfYXFn7RsY3nMvWAafzCRWWt823re
Mollie Legros,mollie.legros,mollie.legros@example.org,$2a$10$3dcCFP91MQAKgAKC/OmMkOS8KuTGWJ9TLGau6SzUW.IdM2n.qHWL2
Malachi Huels,malachi_huels,huels_malachi@example.com,$2a$10$UB6QXJrInD0HaX1U2cgpr.ACIfz3zPLUPCDsDT2HAd7Sb0fRc7UwG
Elise Abbott II,abbott_elise_ii,ii_abbott_elise@example.com,$2a$10$XyE30zOF5Z7Y5pslzd1Ynez4AZe8P.yw3SkHu0JHWVKyAhowsh82C
Stacy Satterfield DVM,dvm_stacy_satterfield,dvm.satterfield.stacy@example.org,$2a$10$TmMvdtNbmEX9OImQfAnmI.IwirovrPxxZDGwzaWyUwEEFU/GPHswG
Alize Feest,feest.alize,alize_feest@example.com,$2a$10$kuxu5Z8UsnkjvQl6ogwJku4N6imAVFEfmagrRmetuXdda5e2SOVTe
Mrs. Kathryne Dooley,kathryne_dooley_mrs,mrs_kathryne_dooley@example.com,$2a$10$E6mADSDK4u2b.S6ssR.u5eRXIwXsz9akpAY0YS36Sc2eztaOt0jNy
Gina Gerhold,gerhold.gina,gerhold.gina@example.org,$2a$10$AZ.K07CZpUKm4TDEOuTkbeSAGJK4372hqcKXI3n6xQg//mA/KqE3q
Leanna Schowalter III,leanna.schowalter.iii,schowalter.iii.leanna@example.com,$2a$10$W74GzV4FFs45IIK3g9b.Su1i7G9lEmKL6/lEC7.1J45tx0Hx5cdN2
Bradley Braun,bradley_braun,bradley.braun@example.org,$2a$10$wp3X2rumFfyWPm8dbcSKt.7Q5oEo/Xl0zkolRnC3gVkZtJovHywpS
Pinkie Bailey,bailey.pinkie,bailey_pinkie@example.com,$2a$10$dTiCr/cI4iry6lAvWy5jWeWWNy435ErXPZj4jomcn4GwHjV7mv0Am
Brandon Dietrich,dietrich.brandon,brandon.dietrich@example.net,$2a$10$MxNy.wLIua011rSIyIrWFe7IY5Ujzu8ByvQj28vN3MDAOmtOQ/.bS
Loy Koelpin II,ii.loy.koelpin,koelpin.loy.ii@example.com,$2a$10$ctwnyCiGZOsOy8WqaOmZV.I5FXLbIOr5L3ywu4zI/Oa3LXWIZewMa
Ms. Anne Baumbach,baumbach_ms_anne,ms.anne.baumbach@example.net,$2a$10$bcB9GOMwxscwV9g90uOL/OHeMz/bd66AfoHoKxvBN3.80jDYcRBBy
Herman Howe,howe.herman,howe.herman@example.net,$2a$10$2cXFGKz.BnHLS5WZRC8MZe42fTuPajPRzCmHiiM2P8ftdZSc8t5WC
Elsie Bogisich,bogisich_elsie,elsie_bogisich@example.net,$2a$10$L40S/oE3BMbdmsJATt3x8eBv9GH6VklFofZJkHQIZ4bCgVtQTCxpG
Jerry Conroy,conroy_jerry,jerry_conroy@example.net,$2a$10$9Mr.hFoz8CxKqm6VSkm3yuqhIrZ36u6Kv.BWyrsyKqdVEZMKnAqdO
Alek Stiedemann,stiedemann_alek,stiedemann.alek@example.org,$2a$10$nsNFQ0hR7VlFdfSUtaK6hOUNxIYkx7BBF.V8oTmXOhUX9Tf108R0.
Gerardo Torp,gerardo.torp,gerardo_torp@example.net,$2a$10$d4N6TodnoAiPm7nWX0R2de36F8S3rbJgKm.GZM103OKZgJz2O75uG
Justus Robel,justus_robel,justus_robel@example.net,$2a$10$mP8sH31qPWWiYo5jAWQZZu.hfcdYcELXIPiDXIXh33/yEDOtmTonu
Miss Lamont Koch,miss.koch.lamont,lamont.miss.koch@example.net,$2a$10$JVYZEYbdW3yw5Nmav.BOPuwSiqk43tIPGUWc/F1MKNfibtyjuF/zG
Lempi Koch MD,koch.md.lempi,koch.lempi.md@example.org,$2a$10$aXicWnUiE/DFXohW9XgKPuPB69SpI0A8zdflhRpvCkLloLrqvNKoi
Cristobal Harvey,harvey_cristobal,cristobal_harvey@example.com,$2a$10$N4HcsxxLrbQLRhcekeoQeusbYKCEl7o7GeEZbKkkBLTUEpEvaONqS
Deanna Hettinger,deanna.hettinger,deanna.hettinger@example.com,$2a$10$UMA9ZbdvbHD1E9gRKV7s8us/Vcn2TWY54h.OCGRyJxTlGiRzkcUjy
Conner Doyle,conner_doyle,doyle_conner@example.net,$2a$10$.jdL.ARpHjJsSFDi3ygjKucgpyuQHo0uplBnL1YRMTxrPKRlu6BHq
Trevor Mante,trevor.mante,trevor_mante@example.org,$2a$10$nVVsYsqWd7qPoJcjkMdWOOahqw2yeQECpnMVoAqq0E/fZ0MSwoQ4q
Kiel Smith,kiel_smith,smith_kiel@example.net,$2a$10$sXDDaaFundtKIhG79uqvPuGwFklIqgmBc5r2emH4NRgW70yLZWr9i
Mrs. Lorena Hill,lorena.mrs.hill,hill.mrs.lorena@example.org,$2a$10$jc0NkMSNNVTYDC13lOeUwub9OoCH8.F7gmlunAJx0SQWN7AK.GIau
